Luellia,1
Tetraplosphaeria,1
Thanatephorus,1
Phlogiotis,1
Malassezia,1
Royoungia,1
Loxosporopsis,1
Lophodermella,1
Anthracoidea,1
Aureobasidium,1
Comatrichia,1
Lepolichen,1
Seifertia,1
Scytalidium,1
Tetracladium,1
Lasiochlaena,1
Krieglsteinera,1
Koerberia,1
Andraeiomyces,1
Toxicodendron,1
Kjeldsenia,1
Pleurostoma,1
Triboniophorus,1
Pleurotopsis,1
Trichodelitschia,1
Hypochnella,1
Polycoccum,1
Cryptocoryneum,1
Cryptodiaporthe,1
Labyrinthula,1
Marssonina,1
Taeniolina,1
Melampsorella,1
Olla,1
Orobanche,1
Ceraeochrysa,1
Nothojafnea,1
Nonsense,1
Sporidiobolus,1
Stagnicola,1
Stephanoma,1
Paphiopedilium,1
Ascodesmis,1
Neomarssoniella,1
Cerogenes,1
Neolentiporus,1
Carbomyces,1
Nelumbo,1
Chaetotyphula,1
Spadicoides,1
Morrisographium,1
Monotropsis,1
Atelocauda,1
Moelleropsis,1
Parascedosporium,1
Miladina,1
Strigula,1
Peyronellaea,1
Microsphaeropsis,1
Stropholoma,1
Armillariella,1
Phaeotellus,1
Trichophyton,1
Cryptosphaeria,1
Pontania,1
Ambarignomonia,1
Pseudohiatula,1
Gastrolactarius,1
Hydnoplicata,1
Brassica,1
Bathelium,1
Pycnora,1
Diaporthopsis,1
Sabuloglossum,1
Agonimia,1
Bourdotia,1
Aesculus,1
Dichostereum,1
Dichranophora,1
Fenestella,1
Exophiala,1
Rhodonia,1
Erineum,1
Equisetopsida,1
Epifagus,1
Rhodotarzetta,1
Acaulospora,1
Wrightoporia,1
Acanthothecis,1
Epicoccum,1
Xanthocarpia,1
Absconditella,1
Discosia,1
Elytroderma,1
Echinosphaeria,1
Geosmithia,1
Sarcographa,1
Pseudonectria,1
Cavernularia,1
Hapalocystis,1
Alsophila,1
Uncinula,1
Tylospora,1
Porotheleum,1
Sarcoporia,1
Unguiculella,1
Hoehnelomyces,1
Potebniamyces,1
Holocotylon,1
Cuscuta,1
Gyrophanopsis,1
Haploporus,1
Grylloprociphilus,1
Schmitzomia,1
Allantoporthe,1
Hourangia,1
Psathyloma,1
Schizomyia,1
Humicola,1
Aleurobotrys,1
Pseudoaustroboletus,1
Haploa,1
Durianella,2
Ophelimus,2
Populus,2
Caliciopsis,2
Pseudocosmospora,2
Ravenelia,2
Ramsbottomia,2
Pyrola,2
Canomaculina,2
Candida,2
Caloporus,2
Pinus,2
Protomyces,2
Phallogaster,2
Phymatotrichopsis,2
Phomatospora,2
Reddelomyces,2
Pyropyxis,2
Zeus,2
Ochronectria,2
Grosmannia,2
Grimmia,2
Daucus,2
Gomphillus,2
Gnomonia,2
Glaziella,2
Dendrocollybia,2
Geotrichum,2
Gemmina,2
Dermea,2
Cystotheca,2
Fuscolachnum,2
Dialonectria,2
Frankia,2
Foam,2
Flabellospora,2
Dictyoploca,2
Dictyostelia,2
Fellhanera,2
Esslingeriana,2
Eriophyidae,2
Epidermophyton,2
Frullania,2
Helicomyces,2
Cupreoboletus,2
Hygroaster,2
Ceratobasidium,2
Neonothopanus,2
Neofuscelia,2
Mycoamaranthus,2
Mollisina,2
Moellerodiscus,2
Minimedusa,2
Chromocyphella,2
Chrysoporthe,2
Melzericium,2
Melanconis,2
Marcelleina,2
Lophiostoma,2
Longula,2
Lignomyces,2
Lepidoptera,2
Conohypha,2
Leimonis,2
Laurera,2
Crocicreas,2
Crocinoboletus,2
Crustodontia,2
Hymenogloea,2
Olpidium,2
Rhopologaster,2
Pandora,2
Eccilia,2
Variolaria,2
Vargamyces,2
Basidiopycnides,2
Ulmus,2
Thielaviopsis,2
Ripexicium,2
Schizosaccharomyces,2
Smardaea,2
Schizostoma,2
Asteromella,2
Tholurna,2
Tryblidiopsis,2
Sclerogaster,2
Scleromitrula,2
Amicodisca,2
Tricholomella,2
Anomoloma,2
Tomasellia,2
Torula,2
Australopilus,2
Tubeufia,2
Asteromassaria,2
Andricus,2
Wakefieldia,2
Russala,2
Stilbum,2
Arthrographis,2
Adelphella,2
Acervus,2
Rozella,2
Stromatinia,2
Splanchnonema,2
Wuestneia,2
Coniolepiota,3
Conifer,3
Lepteutypa,3
Lithocarpus,3
Asahinea,3
Leucoinocybe,3
Nasturtium,3
Mycotypha,3
Anthostomella,3
Laurobasidium,3
Laccocephalum,3
Stigmina,3
Neocudoniella,3
Coremiella,3
Stylonectria,3
Arthrosporium,3
Arthrorhaphis,3
Membranomyces,3
Metasequoia,3
Ciborinia,3
Melomastia,3
Clastoderma,3
Melanopus,3
Melanopsamma,3
Coelomomyces,3
Suillelus,3
Angelina,3
Tapellaria,3
Manuripia,3
Mantis,3
Arthrinium,3
Clypeosphaeria,3
Arthrobotrys,3
Melampsoridium,3
Syspastospora,3
Trematosphaeria,3
Karstenula,3
Graddonia,3
Gowardia,3
Valsaria,3
Ginnsia,3
Venturia,3
Dendrodochium,3
Albugo,3
Vitis,3
Fusicladium,3
Wallemia,3
Grandinia,3
Flavoscypha,3
Filobasidium,3
Adelges,3
Dictyostelium,3
Episphaeria,3
Epilichen,3
Acericecis,3
Abrachium,3
Elsinoe,3
Xenasmatella,3
Durella,3
Flagelloscypha,3
Kirschsteiniothelia,3
Graphium,3
Guignardia,3
Kalmusia,3
Kalapuya,3
Jaapia,3
Incrucipulum,3
Illosporium,3
Illosporiopsis,3
Stigmatomyces,3
Hymenostilbe,3
Cryptodiscus,3
Hydropisphaera,3
Allocetraria,3
Triphragmium,3
Homostegia,3
Tuckermanopsis,3
Hispidocalyptella,3
Himantormia,3
Heterosphaeria,3
Cylindrosporella,3
Helicosporium,3
Tylophoron,3
Haplotrichum,3
Hallingea,3
Tripospermum,3
Neopeckia,3
Bipolaris,3
Thismia,3
Cephaleuros,3
Ramicola,3
Quaternaria,3
Beenakia,3
Spilonema,3
Pyncnoporus,3
Psorotichia,3
Catinaria,3
Broomeia,3
Pseudoclitopilus,3
Solioccasus,3
Pseudocarp,3
Sawadaea,3
Prosthecium,3
Sciaphila,3
Polystichum,3
Sillia,3
Placomaronea,3
Phacidium,3
Calycellina,3
Aurantiopileus,3
Phellinidium,3
Phragmotrichum,3
Odonticium,3
Spiropes,3
Camaropella,3
Rhodofomitopsis,3
Rhodotorula,3
Retinocyclus,3
Neuroterus,3
Belonia,3
Rectipilus,3
Wahlenbergiella,4
Amphirosellinia,4
Podostroma,4
Eopyrenula,4
Austrogautieria,4
Cryptomyces,4
Blastomyces,4
Cryptospora,4
Hydnocystis,4
Calathella,4
Tubakia,4
Homo,4
Acrasis,4
Hydnora,4
Amphisphaerella,4
Podofomes,4
Entomosporium,4
Anisoptera,4
Langermannia,4
Lanatonectria,4
Coprobia,4
Rhopalomyces,4
Endocalyx,4
Podophacidium,4
Serratia,4
Picea,4
Cornicularia,4
Tranzschelia,4
Kavinia,4
Pityopus,4
Calosphaeria,4
Dothidea,4
Eutryblidiella,4
Acrostalagmus,4
Heterogastridium,4
Filobasidiella,4
Rugosospora,4
Gibberella,4
Aegerita,4
Verrucocladisporium,4
Flakea,4
Ruzenia,4
Albomagister,4
Ramonia,4
Rebentischia,4
Belonidium,4
Vouauxiella,4
Funalia,4
Frantisekia,4
Gallacea,4
Aleurina,4
Wilsoniana,4
Bremia,4
Helicoon,4
Didymella,4
Sarophorum,4
Tympanella,4
Tympanis,4
Pseudoparmelia,4
Hafellia,4
Gymnopaxillus,4
Pseudovalsa,4
Allium,4
Tomentellina,4
Allantoparmelia,4
Pseudoxenasma,4
Graphiopsis,4
Actias,4
Didymobotryum,4
Griseoporia,4
Stephanospora,4
Aurantioporthe,4
Cladobotryum,4
Melanotus,4
Seynesia,4
Pannoparmelia,4
Sphaerellothecium,4
Paracoccidioides,4
Megaspora,4
Massospora,4
Clavulicium,4
Manduca,4
Thelebolus,4
Lymantria,4
Petractis,4
Loweomyces,4
Cocos,4
Asteroma,4
Sistotremella,4
Circinotrichum,4
Asterella,4
Stigmatella,4
Cerocorticium,4
Ascochyta,4
Neofusicoccum,4
Neoclitocybe,4
Sporastatia,4
Ceratosphaeria,4
Chaetomium,4
Naohidemyces,4
Naetrocymbe,4
Arxiomyces,4
Octavianina,4
Mineral,4
Stromatocyphella,4
Microleptodiscus,4
Metarhizium,4
Thraustochytrium,4
Sphagnomphalia,4
Lobulicium,4
Aulographina,4
Phacellium,4
Licrostroma,4
Coleoptera,4
Anthina,4
Timgrovea,4
Tilachlidiopsis,4
Leproloma,4
Scopulariopsis,5
Austrobasidium,5
Rhizophydium,5
Epithele,5
Achlya,5
Wolfiporia,5
Eriophyes,5
Splanchospora,5
Diplocarpon,5
Gloeosporium,5
Pezizella,5
Limodorum,5
Munkia,5
Scytinostromella,5
Femsjonia,5
Cenangium,5
Naemacyclus,5
Chrysomyxa,5
Mycocitrus,5
Gastrocybe,5
Nannfeldtiella,5
Spongiforma,5
Waynea,5
Cephalanthera,5
Pilaira,5
Arthromyces,5
Kretzschmariella,5
Monoblastia,5
Nothophellinus,5
Montanelia,5
Dicentra,5
Repetobasidium,5
Crocynia,5
Entodesmium,5
Coccoidea,5
Heteropatella,5
Sphaerellopsis,5
Bunodophoron,5
Podosphaera,5
Ascitendus,5
Protocreopsis,5
Baculifera,5
Tsuga,5
Enchnoa,5
Byssoporia,5
Roseodiscus,5
Leiorreuma,5
Malmidea,5
Cucurbita,5
Bulbillomyces,5
Cystangium,5
Paradidymobotryum,5
Rhodophyllus,5
Cytospora,5
Lagarobasidium,5
Podohydnangium,5
Urocystis,5
Marchandiobasidium,5
Paurocotylis,5
Cryptococcus,5
Cercopemyces,5
Trichobolus,5
Durandiella,5
Trichopeziza,5
Massariosphaeria,5
Rickiella,6
Resinomycena,6
Rugiboletus,6
Lichenochora,6
Wilsonomyces,6
Enterobryus,6
Laboulbenia,6
Eocronartium,6
Woldmaria,6
Erioderma,6
Xanthoriicola,6
Lanzia,6
Trichopezizoideae,6
Quercus,6
Whalleya,6
Vahliella,6
Hypocopra,6
Saprolegnia,6
Paraeccilia,6
Marchantia,6
Heterochaete,6
Thecotheus,6
Hypoderma,6
Paratrichophaea,6
Macbrideola,6
Thyridaria,6
Parmastomyces,6
Hydnellun,6
Scoliciosporum,6
Trichopezizella,6
Lopharia,6
Neurospora,6
Ileodictyon,6
Meleagris,6
Graphiola,6
Lichenoconium,6
Murispora,6
Stilbocrea,6
Weraroa,6
Montagnula,6
Fuscoboletinus,6
Volutella,6
Microsporum,6
Gastrosporium,6
Glomerella,6
Ombrophila,6
Godronia,6
Sacrosphaera,6
Sagaranella,6
Lithothelium,6
Plagiostoma,6
Psilachnum,6
Mycocalicium,6
Hypochniciellum,6
Abies,6
Boudiera,6
Botryosphaeria,6
Annellodochium,6
Delitschia,6
Cyanobacteria,6
Capnodium,6
Allopsalliota,6
Catapyrenium,6
Blumeria,6
Amphisphaeria,6
Drepanoconis,6
Cephalotrichum,6
Amplistroma,6
Dennisiodiscus,6
Dyplolabia,6
Diplotoma,6
Corynea,6
Asterodon,6
Clavogaster,6
Pezoloma,7
Plagiochasma,7
Calostilbe,7
Veronaea,7
Sclerotium,7
Cistella,7
Inonotopsis,7
Microbotryum,7
Mycomicrothelia,7
Scortechinia,7
Trochila,7
Frosty,7
Cetradonia,7
Naematoloma,7
Cellypha,7
Cellulariella,7
Omphalinae,7
Amniculicola,7
Ophiobolus,7
Dyrithium,7
Tuckermanella,7
Cyphellostereum,7
Bispora,7
Heppia,7
Trebouxia,7
Belonopsis,7
Auriporia,7
Tinctoporellus,7
Ustilaginoideae,7
Varicellaria,7
Pleurotellus,7
Ceraceomerulius,7
Discoxylaria,7
Lignoscripta,7
Xylographa,7
Sphaeropsis,7
Lophiotrema,7
Leiotrametes,7
Erikssonopsis,7
Stephanopus,7
Masonhalea,7
Cenangiopsis,7
Sedecula,8
Allomyces,8
Genabea,8
Irpicodon,8
Balanophora,8
Neottia,8
Paraxerula,8
Stachybotrys,8
Balsamia,8
Peroneutypa,8
Ijuhya,8
Tilletia,8
Sarcoxylon,8
Phaeosolenia,8
Sarcoleotia,8
Athelidium,8
Polycephelomyces,8
Botryolepraria,8
Pleuricospora,8
Vainionora,8
Thyrea,8
Diorygma,8
Geodina,8
Genea,8
Hobsonia,8
Nodulisporium,8
Calycina,8
Discostroma,8
Haddowia,8
Bryocaulon,8
Dictyocephalos,8
Cystoagaricus,8
Alutaceodontia,8
Aschersonia,8
Sphaerosporella,8
Psoroma,8
Claussenomyces,8
Lopadostoma,8
Stromatographium,8
Ropalospora,8
Melanconiella,8
Octospora,8
Coniothyrium,8
Pseudaleuria,8
Amaurochaete,9
Nectriella,9
Xylophallus,9
Cystostereum,9
Ceratiomxya,9
Pseudosarcosoma,9
Globulicium,9
Turbinellus,9
Ascotremella,9
Protomerulius,9
Saccharomyces,9
Relicina,9
Octosporopsis,9
Cercospora,9
Bertia,9
Tricharia,9
Elaphocordyceps,9
Richoniella,9
Hymenelia,9
Scytinium,9
Laxitextum,9
Clarkeinda,9
Inermisia,9
Pseudophacidium,9
Fibroporia,9
Brodoa,9
Phacopsis,9
Pyrenopsis,9
Meruliopsis,9
Albotricha,9
Cladia,9
Marthamyces,9
Pleonectria,9
Megalospora,9
Aecidium,9
Calonectria,10
Rhizochaete,10
Pseudosagedia,10
Myriosclerotinia,10
Chlorosplenium,10
Datroniella,10
Sclerococcum,10
Sporormia,10
Royoporus,10
Xanthagaricus,10
Microdochium,10
Donadinia,10
Paullicorticium,10
Sphacelotheca,10
Cytinus,10
Mycetophila,10
Callirhytis,10
Saccobolus,10
Thyronectria,10
Dencoeliopsis,10
Epichloe,10
Botryosporium,10
Laeticorticium,10
Nematogonium,10
Gloeodontia,10
Strangospora,10
Gyrophragmium,10
Neobarya,10
Typhrasa,10
Discodiaporthe,10
Mycoporum,10
Acanthophysellum,11
Corallomycetella,11
Sphaeronaema,11
Fissurina,11
Ocellomma,11
Fluviostroma,11
Capronia,11
Mytilinidion,11
Therrya,11
Galactinia,11
Mutatoderma,11
Anomoporia,11
Hydropunctaria,11
Lecidoma,11
Cribbea,11
Mortierella,11
Clonostachys,11
Entoleuca,11
Boletinus,11
Schizoxylon,11
Rhinotrichum,11
Neohypodiscus,11
Ingvariella,11
Pseudocercospora,11
Stemonaria,11
Asterostroma,11
Licea,12
Prunulus,12
Trichocoma,12
Lepidoderma,12
Helosis,12
Chamaemyces,12
Sydowiella,12
Scytinopogon,12
Tomentellastrum,12
Massaria,12
Stigmatolemma,12
Sphaerostilbella,12
Gloeomucro,12
Pachyphlodes,12
Pustularia,12
Echinochaete,12
Pezicula,12
Camarophyllus,12
Phyllactinia,12
Urceolella,12
Calostilbella,12
Psilolechia,12
Fibrodontia,12
Parascutellinia,13
Helicobasidium,13
Gelasinospora,13
Calloria,13
Lunularia,13
Stemphylium,13
Rhizoctonia,13
Gloniopsis,13
Cumminsiella,13
Arthuriomyces,13
Cyclomyces,13
Plasmopara,13
Insiticia,13
Thaxteriella,13
Lathagrium,13
Cercidospora,13
Mycosphaerella,13
Rossbeevera,13
Leptorhaphis,13
Rhopalogaster,13
Ligiella,13
Bilimbia,13
Helicogloea,13
Leprieuria,13
Lophium,13
Protopannaria,13
Dactylospora,13
Catinella,14
Boschniakia,14
Kriegeria,14
Psilopezia,14
Phytophthora,14
Choiromyces,14
Nematogonum,14
Echinoporia,14
Luciotrichus,14
Schenella,14
Alboleptonia,14
Colus,14
Pezizomycotina,14
Mycocalia,14
Mycopan,14
Veloporphyrellus,14
Dentipellis,14
Leucophleps,14
Lepidostroma,14
Collybiopsis,14
Pseudopithyella,14
Glyphium,14
Siphula,14
Dothiora,14
Colletotrichum,14
Skyttea,14
Hirsutella,14
Trappea,14
Podoserpula,14
Eutypella,14
Calopadia,14
Strobiloscypha,14
Elasmomyces,14
Achroomyces,14
Byssosphaeria,14
Porpoloma,14
Tomophagus,14
Amylocorticium,14
Aspilidea,15
Cladosporium,15
Lecanactis,15
Leptosporomyces,15
Lindtneria,15
Spilopodia,15
Ahtiana,15
Wilcoxina,15
Stromatoscypha,15
Melogramma,15
Schadonia,15
Phyllopsora,15
Arachnion,15
Pachykytospora,15
Pestalotia,15
Candelina,15
Herteliana,15
Cryphonectria,15
Underwoodia,15
Hesperomyces,15
Endocronartium,16
Pseudofavolus,16
Mucor,16
Myriophacidium,16
Crustomyces,16
Inflatostereum,16
Clavicorona,16
Bellemerea,16
Chaetosphaerella,16
Cerinomyces,16
Loreleia,16
Amyloxenasma,16
Lichina,16
Bionectria,16
Conferticium,16
Pleuroflammula,16
Kauffmania,16
Septoria,16
Kaernefeltia,16
Cristinia,16
Chrismofulvea,17
Brigantiaea,17
Torrendiella,17
Chaenotheca,17
Pleospora,17
Sericeomyces,17
Microsphaera,17
Junghuhnia,17
Bacidina,17
Aculops,17
Datronia,17
Cucurbitaria,17
Terfezia,17
Rimularia,17
Staurothele,17
Gloeohypochnicium,17
Entomophthora,17
Pseudephebe,17
Boidinia,17
Hygrophorocybe,17
Protocrea,17
Verticillium,17
Coleosporium,17
Placynthiella,18
Amparoina,18
Helminthosporium,18
Pachycudonia,18
Lawrynomyces,18
Carbonea,18
Graphina,18
Polydesmia,18
Unguiculariopsis,18
Eutypa,18
Erysiphe,18
Ruhlandiella,18
Stiptophyllum,18
Dactylina,18
Bulgariella,18
Psorula,18
Anthostoma,18
Dicranophora,18
Diaporthe,18
Phaeonematoloma,18
Flaviporus,18
Exsudoporus,19
Physarella,19
Biatoropsis,19
Muellerella,19
Valsa,19
Eryniopsis,19
Nodulosphaeria,19
Polyporoletus,19
Marchandiomyces,19
Capitotricha,19
Phyllosticta,19
Tapesia,19
Sigridea,19
Endococcus,19
Octaviania,19
Leptospora,19
Ryvardenia,19
Mycoblastus,19
Rubinoboletus,19
Acrospermum,19
Gymnoconia,19
Nodobryoria,20
Ramaricium,20
Hypocreopsis,20
Oidium,20
Calicium,20
Leucocortinarius,20
Lichenodiplis,20
Asproinocybe,20
Pycnothelia,20
Sordaria,20
Fuscocerrena,20
Hydnodon,20
Ionaspis,20
Perichaena,20
Torrubiella,20
Marchantiophyta,20
Diplomitoporus,20
Tornabenia,20
Botryohypochnus,21
Peronospora,21
Dematioscypha,21
Muscinupta,21
Rhizomorpha,21
Acanthobasidium,21
Patellariopsis,21
Ramboldia,21
Herpotrichia,21
Lindbladia,21
Subulicystidium,21
Neobulgaria,21
Protubera,21
Epipogium,21
Crustoderma,21
Velutarina,22
Vararia,22
Laeticutis,22
Collemopsidium,22
Thelotrema,22
Penicilliopsis,22
Gloiocephala,22
Chaetothiersia,22
Aurantiporus,22
Cytidia,22
Ionomidotis,22
Discinella,22
Phaeosphaeria,22
Schizothecium,23
Cosmospora,23
Multifurca,23
Hyphodermella,23
Chamonixia,23
Diatrypella,23
Erythricium,23
Cleistocybe,23
Lamprospora,23
Dendrographa,23
Conopholis,23
Oligonema,23
Barssia,23
Mythicomyces,24
Chlamydopus,24
Moelleriella,24
Phlebiella,24
Bulbothrix,24
Ophiostoma,24
Staheliomyces,24
Lecanographa,24
Leucogyrophana,24
Glonium,24
Gymnogaster,25
Coelocaulon,25
Rhytidhysteron,25
Cryptothecia,25
Hydnocristella,25
Coryne,25
Hyphodiscus,25
Galeropsis,25
Podosordaria,25
Scopuloides,25
Amyloporia,25
Dendriscocaulon,25
Neoalbatrellus,25
Byssoloma,25
Melanomma,26
Melaspilea,26
Placopsis,26
Pestalotiopsis,26
Dichomitus,26
Patinellaria,26
Campanophyllum,26
Phellinopsis,26
Rheubarbariboletus,26
Coprotus,27
Astrosporina,27
Pseudotomentella,27
Abrothallus,27
Aphanobasidium,27
Alternaria,27
Entocybe,27
Descomyces,27
Dasyscyphella,27
Porostereum,27
Botrytis,27
Eichleriella,27
Zelleromyces,27
Arctoparmelia,28
Thamnolia,28
Gloiodon,28
Setchelliogaster,28
Usnocetraria,28
Eriopezia,28
Lichinella,28
Hyalorbilia,28
Plicatura,28
Lichenostigma,28
Lichenothelia,29
Amylostereum,29
Ramularia,29
Lobariella,29
Omphaliaster,29
Nitschkia,29
Porina,29
Iodophanus,29
Purpureocillium,29
Sphinctrina,29
Pseudocraterellus,29
Clavascidium,29
Oedohysterium,30
Helvellosebacina,30
Litschauerella,30
Hemitomes,30
Sporormiella,30
Tatraea,30
Gyalecta,30
Coltriciella,30
Massalongia,30
Chaetocalathus,30
Natantiella,31
Sidera,31
Trichophaea,31
Patellaria,31
Normandina,31
Stypella,31
Monilinia,31
Hypocenomyce,31
Karstenia,31
Chaetosphaeria,31
Bridgeoporus,31
Bactridium,31
Lamproderma,31
Pyrrhoglossum,31
Alpova,31
Aphelaria,32
Ophioparma,32
Merismodes,32
Cyathicula,32
Polychidium,32
Rhizopus,32
Tricharina,32
Physciella,33
Hydnotrya,33
Minutoexcipula,33
Pyrofomes,33
Thelopsis,34
Tilachlidium,34
Haematomma,34
Lachnella,34
Melampsora,35
Solorina,35
Cryptomarasmius,35
Stereopsis,35
Neonectria,35
Leprocaulon,36
Anzia,36
Cinereomyces,36
Mycobilimbia,36
Cliostomum,36
Melastiza,36
Thuemenella,36
Perrotia,36
Neodasyscypha,36
Clauzadea,36
Cyttaria,37
Anthracobia,37
Hydnangium,37
Glyphis,37
Miriquidica,37
Sarcodes,37
Anisomeridium,37
Heyderia,37
Allotropa,37
Glutinoglossum,37
Hyperdermium,38
Sarea,38
Tubercularia,38
Biatora,38
Wynnella,38
Wolfina,38
Lachnocladium,38
Protoblastenia,38
Lycogalopsis,38
Squamanita,38
Chloroscypha,39
Faerberia,39
Xylobotryum,39
Sistotremastrum,39
Gyrodontium,39
Sphaerosporium,39
Taphrina,40
Osteina,40
Picoa,40
Dacryobolus,40
Chaenothecopsis,40
Lenzites,40
Sphagnurus,40
Byssocorticium,40
Cylindrobasidium,40
Chorioactis,41
Pucciniastrum,41
Mellitiosporiella,41
Parmeliopsis,41
Fuscidea,41
Paragyrodon,41
Pyrenopeziza,41
Fayodia,42
Pseudotricholoma,42
Lasiosphaeris,42
Porphyrellus,42
Polysporina,42
Ascodichaena,42
Sarcosoma,42
Veluticeps,42
Solenopsora,42
Everniastrum,43
Nidularia,43
Craterocolla,43
Dermoloma,43
Pilophorus,43
Flavodon,43
Staurolemma,43
Loxospora,43
Ainoa,43
Leptochidium,43
Pseudolaccaria,43
Fusarium,43
Tomentellopsis,44
Battarreoides,44
Hyaloscypha,44
Neopaxillus,44
Bogbodia,45
Dicephalospora,45
Trypethelium,45
Delicatula,45
Pyronema,45
Jafnea,45
Hodophilus,46
Itajahya,46
Podospora,46
Leptosphaeria,46
Hysterobrevium,46
Rhizocybe,46
Fulgensia,46
Calyptella,46
Flavocetraria,46
Austropaxillus,46
Pseudombrophila,47
Xylodon,47
Algae,47
Ripartitella,47
Lasiosphaeria,47
Lasiobelonium,47
Gloiothele,47
Radiigera,47
Sarcodontia,47
Scytinostroma,47
Catillaria,47
Roccella,48
Uromyces,48
Exobasidium,48
Resinicium,48
Hymenopellis,49
Hyperphyscia,49
Basidioradulum,49
Claviceps,49
Enterographa,49
Ditiola,49
Nothopanus,50
Ceraceomyces,50
Rhizina,50
Onygena,50
Physisporinus,50
Colpoma,50
Comatricha,50
Micarea,50
Mycogone,50
Menegazzia,50
Arthothelium,50
Aphroditeola,51
Cheimonophyllum,51
Thamnomyces,51
Micropsalliota,51
Disciseda,51
Phaeohelotium,51
Neournula,51
Dendrostilbella,51
Diachea,52
Inocephalus,52
Blumenavia,52
Bonomyces,52
Parmeliella,52
Truncospora,52
Craterium,53
Imshaugia,53
Inocutis,53
Cyphelium,53
Arthopyrenia,53
Henningsomyces,53
Lasiobolus,54
Dermocybe,54
Dumontinia,54
Gloeocystidiellum,54
Nigroporus,54
Hysterium,54
Squamarina,55
Pilobolus,55
Picipes,55
Canoparmelia,55
Hysterographium,56
Heliocybe,56
Cronartium,56
Porodisculus,57
Alyxoria,57
Pulchroboletus,57
Arachnopeziza,57
Schismatomma,58
Basidiodendron,58
Mycenella,58
Cetraria,58
Chromelosporium,58
Cetrelia,58
Pulvinula,58
Cantharocybe,58
Holwaya,59
Akanthomyces,59
Gloeocantharellus,59
Neottiella,59
Metacordyceps,59
Pirex,59
Corticium,59
Atractosporocybe,60
Peltula,60
Laternea,60
Coenogonium,61
Placidium,61
Nivatogastrium,61
Phleogena,62
Montagnea,62
Myxomphalia,62
Fibulomyces,62
Propolis,62
Radulodon,62
Singerocybe,62
Vuilleminia,63
Tephromela,63
Guepiniopsis,63
Tectella,63
Exidiopsis,63
Thelomma,63
Alessioporus,63
Phaeogyroporus,63
Gymnomyces,64
Amylocystis,64
Syzygites,65
Scytinotus,65
Leucogaster,65
Homophron,66
Dictyonema,66
Alectoria,67
Gibellula,67
Fistulinella,67
Baeomyces,67
Typhula,67
Hydnophlebia,67
Amaurodon,68
Pseudoarmillariella,68
Melanospora,69
Encoelia,69
Neoboletus,70
Arcangeliella,70
Pyrrhospora,70
Acrocordia,70
Endogone,70
Microporellus,70
Anthracophyllum,70
Peniophorella,70
Hormomyces,71
Wynnea,71
Lophodermium,71
Hypochnicium,71
Phaeocalicium,72
Ripartites,72
Byssonectria,72
Physalacria,73
Crassisporium,73
Scutiger,73
Alnicola,73
Pseudevernia,73
Stilbella,73
Mycenastrum,74
Amphinema,74
Vanderbylia,74
Ceriporiopsis,75
Pterospora,75
Bankera,75
Echinodontium,75
Phloeomana,76
Calocybe,76
Pseudofistulina,76
Corallorhiza,76
Pseudoomphalina,77
Aspropaxillus,77
Brefeldia,77
Sclerotinia,77
Plicaria,78
Syzygospora,78
Polycephalomyces,78
Entonaema,78
Apiosporina,78
Diatrype,78
Phaeolepiota,79
Xenasma,79
Scorias,79
Dirinaria,79
Phylloporia,79
Phragmidium,80
Meottomyces,80
Donkia,80
Piloderma,81
Podoscypha,81
Myriostoma,81
Glomus,83
Buglossoporus,83
Neohygrocybe,84
Athelia,84
Spongiporus,84
Trapelia,85
Vibrissea,85
Trapeliopsis,85
Dictydiaethalium,85
Osmoporus,85
Gamundia,85
Icmadophila,85
Nemania,85
Punctularia,86
Gyrodon,86
Phaeomarasmius,87
Chlorencoelia,87
Gloioxanthomyces,89
Beauveria,89
Bryoria,90
Spathulariopsis,90
Phlebopus,90
Cribraria,91
Naucoria,91
Endocarpon,91
Protoparmelia,91
Fusicolla,92
Coccomyces,92
Leucogloea,92
Descolea,93
Diploicia,93
Tulasnella,94
Serpula,94
Pleopsidium,94
Trogia,94
Discina,95
Trametopsis,95
Helminthosphaeria,95
Sowerbyella,96
Ascopolyporus,97
Placynthium,97
Ustilago,98
Imperator,98
Phlebiopsis,99
Flabellophora,99
Diderma,99
Omphalina,99
Leptoporus,100
Macrotyphula,100
Alloclavaria,101
Deflexula,101
Leucopholiota,101
Trentepohlia,101
Connopus,101
Coccocarpia,102
Camillea,102
Truncocolumella,102
Hysterangium,103
Julella,103
Myxarium,103
Aspergillus,103
Microporus,104
Antrodiella,104
Sphaerobolus,104
Pachyella,104
Parmelinopsis,104
Hypopitys,104
Xanthoporia,105
Disciotis,105
Rugosomyces,106
Melanogaster,106
Lecania,106
Sphaerophorus,106
Aseroe,108
Allodus,108
Anaptychia,108
Circinaria,108
Nostoc,110
Melanohalea,110
Camarophyllopsis,111
Leucocybe,111
Rhodoarrhenia,111
Nectriopsis,111
Pterula,112
Lactocollybia,112
Dirina,112
Poronia,112
Pithya,113
Pseudomerulius,113
Melanelia,114
Vulpicida,114
Phylacia,114
Earliella,115
Herpothallon,116
Sebacina,116
Camarops,116
Pseudoboletus,116
Schizopora,117
Panaeolopsis,117
Rimbachia,117
Melanelixia,117
Phillipsia,118
Phaeographis,118
Letharia,120
Tuckermannopsis,120
Ossicaulis,120
Ciboria,120
Stictis,121
Elaphomyces,122
Lentaria,122
Lachnum,123
Porpolomopsis,123
Spathularia,123
Mycorrhaphium,123
Flavopunctelia,124
Filoboletus,124
Badhamia,124
Tricholosporum,125
Niebla,126
Radulomyces,126
Skeletocutis,127
Symphytocarpus,127
Tubulicrinis,127
Hydnochaete,127
Calbovista,128
Polyozellus,128
Campanella,128
Myelochroa,128
Cudoniella,131
Amandinea,132
Mucilago,132
Teloschistes,132
Phlyctis,133
Hymenochaetopsis,134
Pannaria,134
Rutstroemia,134
Lobothallia,136
Pseudocolus,138
Microstoma,138
Chondrostereum,139
Sarcogyne,139
Lysurus,140
Globifomes,140
Hymenogaster,140
Chrysothrix,140
Hemistropharia,140
Rhytisma,141
Macrocybe,141
Phycomyces,143
Oxyporus,143
Macrocystidia,144
Dendrothele,144
Penicillium,144
Handkea,145
Bisporella,145
Rhizomarasmius,147
Toninia,147
Dibaeis,149
Fuscopannaria,149
Bulgaria,149
Plicaturopsis,150
Ascobolus,150
Rhodophana,151
Diplotomma,151
Melanophyllum,152
Pouzarella,152
Tremellodendropsis,154
Neolecta,155
Candelaria,155
Rhodotus,156
Panaeolina,157
Evernia,157
Geopora,158
Humaria,158
Gautieria,160
Climacodon,160
Degelia,162
Metatrichia,162
Mitrula,162
Phaeoclavulina,162
Jahnoporus,162
Gastroboletus,163
Podaxis,164
Spinellus,166
Cheilymenia,166
Stereocaulon,167
Buchwaldoboletus,169
Terana,169
Psora,171
Didymium,174
Mycoacia,174
Clitocella,176
Cudonia,178
Trechispora,178
Geopyxis,178
Pleurocybella,178
Hydropus,179
Microglossum,179
Climacocystis,179
Parmelina,179
Heimioporus,181
Caloscypha,182
Dimelaena,185
Lachnellula,185
Hyphoderma,186
Multiclavula,188
Poronidulus,189
Hemipholiota,189
Rhizoplaca,189
Rosellinia,190
Tephrocybe,191
Coniophora,194
Roridomyces,196
Hymenoscyphus,196
Pseudoinonotus,196
Pyrenula,196
Tarzetta,197
Heterobasidion,197
Sistotrema,198
Micromphale,199
Stemonitopsis,200
Orbilia,202
Morganella,202
Perenniporia,202
Hapalopilus,203
Ductifera,207
Hydnopolyporus,208
Guepinia,209
Monotropa,210
Cotylidia,210
Opegrapha,210
Pseudoplectania,212
Niveoporofomes,212
Termitomyces,212
Boletopsis,216
Chrysomphalina,217
Bacidia,219
Baeospora,219
Botryobasidium,219
Cerrena,220
Chromosera,224
Spongipellis,224
Dasyscyphus,225
Pseudoclitocybe,227
Gymnosporangium,228
Phanerochaete,229
Rigidoporus,230
Biscogniauxia,230
Mucronella,232
Cantharellula,234
Pseudobaeospora,237
Nidula,239
Rhodocybe,239
Catathelasma,242
Mycetinis,243
Pseudocyphellaria,243
Lasallia,246
Macowanites,246
Dermatocarpon,246
Hypotrachyna,248
Nephroma,248
Sarcosphaera,249
Cyanoboletus,250
Contumyces,255
Pyxine,259
Isaria,261
Atheniella,264
Asterophora,264
Puccinia,264
Clitocybula,265
Caulorhiza,267
Cystodermella,267
Protostropharia,268
Tomentella,271
Xylocoremium,272
Candelariella,272
Fomitiporia,272
Porpidia,275
Pycnoporellus,277
Phaeotremella,277
Calostoma,279
Aleurodiscus,279
Graphis,281
Imleria,281
Hemitrichia,281
Verrucaria,281
Paralepista,283
Trichia,286
Harrya,287
Heterotextus,287
Coriolopsis,292
Ramariopsis,295
Trichoglossum,296
Pulveroboletus,296
Porodaedalea,297
Tuber,301
Cookeina,303
Ascocoryne,304
Nectria,305
Galiella,307
Ceriporia,308
Hypocrea,310
Cyptotrama,311
Onnia,314
Platismatia,315
Mollisia,316
Ampulloclitocybe,318
Hymenochaete,320
Fulvifomes,320
Irpex,321
Lecidella,322
Favolaschia,328
Tremellodendron,328
Plectania,329
Battarrea,329
Geoglossum,331
Humidicutis,332
Leocarpus,334
Cyclocybe,338
Cordyceps,339
Xerula,340
Floccularia,344
Lanmaoa,345
Hyphodontia,347
Cymatoderma,348
Gloeoporus,354
Cystolepiota,354
Rhizocarpon,356
Vascellum,369
Crinipellis,369
Antrodia,371
Diploschistes,372
Hypsizygus,373
Phellodon,374
Daedalea,380
Tulostoma,381
Lentinula,384
Astraeus,385
Mutinus,386
Ophiocordyceps,386
Reticularia,387
Xylobolus,390
Steccherinum,390
Sparassis,393
Sticta,396
Tetrapyrgos,404
Lichenomphalia,404
Grifola,408
Laricifomes,409
Copelandia,410
Annulohypoxylon,410
Fistulina,410
Non-fungal,416
Oligoporus,420
Boletinellus,422
Verpa,426
Collybia,426
Physconia,427
Hexagonia,427
Bjerkandera,427
Resupinatus,430
Hortiboletus,432
Phaeophyscia,432
Byssomerulius,433
Umbilicaria,434
Urnula,439
Flavoparmelia,440
Tyromyces,450
Cryptoporus,451
Xanthomendoza,452
Lepraria,454
Lecidea,458
Bondarzewia,463
Echinoderma,464
Hemileccinum,466
Heterodermia,467
Aleuria,469
Sutorius,475
Tolypocladium,477
Auriscalpium,479
Amauroderma,479
Parmelia,479
Meripilus,481
Rickenella,481
Leccinellum,487
Trichoderma,490
Abortiporus,496
Ochrolechia,500
Postia,503
Clathrus,503
Crucibulum,507
Callistosporium,507
Calocera,515
Arthonia,516
Fomes,518
Inonotus,522
Buellia,531
Flammulaster,531
Otidea,532
Kretzschmaria,534
Infundibulicybe,535
Artomyces,536
Daldinia,544
Limacella,547
Suillellus,548
Bovista,548
Rubroboletus,549
Duplicate,551
Rinodina,553
Leotia,555
Strobilurus,558
Gerronema,559
Punctelia,560
Austroboletus,561
Phyllotopsis,569
Xanthoria,570
Peniophora,571
Acarospora,571
Dacryopinax,578
Hypogymnia,579
Chlorociboria,580
Pseudohydnum,584
Lobaria,587
Neofavolus,607
Hygrophoropsis,608
Favolus,614
Clavariadelphus,620
Tubifera,634
Fuscoporia,634
Ramalina,649
Albatrellus,657
Desarmillaria,673
Simocybe,673
Ischnoderma,676
Volvopluteus,686
Phaeocollybia,686
Arrhenia,701
Hemimycena,707
Daedaleopsis,708
Neolentinus,712
Clitopilus,718
Hypoxylon,721
Sarcoscypha,728
Baorangia,733
Gloeophyllum,740
Usnea,752
Clavaria,760
Nolanea,767
Chalciporus,792
Gyroporus,792
Thelephora,801
Aspicilia,802
Hohenbuehelia,806
Physarum,812
Leptogium,822
Boletellus,830
Lentinellus,833
Volvariella,859
Arcyria,869
Paxillus,875
Clavulinopsis,875
Coltricia,878
Xanthoparmelia,882
Pycnoporus,886
Kuehneromyces,890
Collema,893
Caloboletus,894
Megacollybia,903
Ceratiomyxa,904
Tapinella,912
Cystoderma,918
Phellinus,922
Stemonitis,931
Leptonia,935
Parmotrema,940
Cyathus,941
Panus,941
Xanthoconium,948
Pisolithus,950
Retiboletus,962
Clavulina,963
Gomphus,964
Rhizopogon,977
Phylloporus,1008
Flammulina,1045
Gomphidius,1046
Poria,1049
Strobilomyces,1052
Dacrymyces,1055
Exidia,1073
Hydnum,1073
Lycogala,1096
Macrolepiota,1105
Leucopaxillus,1112
Scutellinia,1115
Pholiotina,1128
Chroogomphus,1137
Marasmiellus,1139
Lyophyllum,1143
Aureoboletus,1152
Sarcodon,1162
Phlebia,1202
Tremella,1205
Butyriboletus,1210
Fuligo,1211
Physcia,1249
Lacrymaria,1254
Phallus,1262
Phaeolus,1271
Schizophyllum,1294
Tricholomopsis,1304
Parasola,1334
Cuphophyllus,1336
Rhodocollybia,1349
Panellus,1376
Pertusaria,1417
Coprinus,1419
Omphalotus,1431
Hericium,1431
Gliophorus,1454
Xerocomus,1470
Trichaptum,1495
Cerioporus,1526
Calvatia,1536
Bolbitius,1587
Melanoleuca,1659
Xeromphalina,1659
Lactifluus,1674
Lentinus,1679
Caloplaca,1690
Geastrum,1711
Hydnellum,1722
Mixed,1734
Leratiomyces,1767
Gyromitra,1771
Deconica,1812
Lecanora,1830
Peltigera,1843
Auricularia,1890
Conocybe,1897
Oudemansiella,1912
Xerocomellus,1967
Craterellus,2001
Tubaria,2004
Leucocoprinus,2029
Peziza,2126
Fomitopsis,2149
Laetiporus,2160
Crepidotus,2285
Lepista,2350
Hypomyces,2354
Chlorophyllum,2687
Scleroderma,2706
Helvella,2731
Stereum,2748
Cladonia,2749
Stropharia,2763
Polyporus,2820
Hebeloma,2953
Leucoagaricus,3297
Agrocybe,3361
Xylaria,3544
Ramaria,3567
Lycoperdon,3696
Morchella,3752
Hypholoma,3873
Lepiota,3935
Galerina,4027
Coprinopsis,4096
Hygrophorus,4194
Pleurotus,4379
Armillaria,4394
Tylopilus,4403
Coprinellus,4481
Cantharellus,4533
Laccaria,4659
Leccinum,4863
Trametes,5028
Pholiota,5037
Panaeolus,5191
Marasmius,5332
Gymnopus,5839
Ganoderma,6103
Clitocybe,6127
Hygrocybe,6728
Suillus,7374
Gymnopilus,7959
Pluteus,8381
Tricholoma,9047
Entoloma,9466
Psathyrella,9530
Inocybe,10561
Agaricus,12001
Boletus,12631
Lactarius,13074
Psilocybe,13831
Mycena,15048
Russula,19014
Cortinarius,19460
Amanita,41793
